{"cameraMode":{"drawMode":0,"name":"Shaded","section":"Shading Mode"},"sceneLighting":false,"audioPlay":false,"sceneViewState":{"m_AlwaysRefresh":false,"showFog":true,"showSkybox":false,"showFlares":true,"showImageEffects":true,"showParticleSystems":true,"showVisualEffectGraphs":true,"m_FxEnabled":true},"in2DMode":false,"pivot":{"x":17.29543113708496,"y":-0.10441839694976807,"z":29.73728370666504},"rotation":{"x":-0.006589749362319708,"y":0.061460576951503757,"z":0.00040757653187029064,"w":0.9980966448783875},"size":16.580989837646486,"orthographic":false}