{"cameraMode":{"drawMode":0,"name":"Shaded","section":"Shading Mode"},"sceneLighting":true,"audioPlay":false,"sceneViewState":{"m_AlwaysRefresh":false,"showFog":true,"showSkybox":true,"showFlares":true,"showImageEffects":true,"showParticleSystems":true,"showVisualEffectGraphs":true,"m_FxEnabled":true},"in2DMode":false,"pivot":{"x":-23.42913818359375,"y":5.187819004058838,"z":1.3266866207122803},"rotation":{"x":0.06413154304027558,"y":-0.19188393652439118,"z":0.012566437013447285,"w":0.9792405962944031},"size":31.34318733215332,"orthographic":true}