{"cameraMode":{"drawMode":0,"name":"Shaded","section":"Shading Mode"},"sceneLighting":false,"audioPlay":false,"sceneViewState":{"m_AlwaysRefresh":false,"showFog":true,"showSkybox":false,"showFlares":true,"showImageEffects":true,"showParticleSystems":true,"showVisualEffectGraphs":true,"m_FxEnabled":true},"in2DMode":false,"pivot":{"x":-1.6678990125656129,"y":3.1987743377685549,"z":16.738143920898439},"rotation":{"x":0.038280073553323749,"y":0.9616994857788086,"z":-0.19624480605125428,"w":0.18755851686000825},"size":1.9352562427520753,"orthographic":false}