{"cameraMode":{"drawMode":0,"name":"Shaded","section":"Shading Mode"},"sceneLighting":false,"audioPlay":false,"sceneViewState":{"m_AlwaysRefresh":false,"showFog":true,"showSkybox":false,"showFlares":true,"showImageEffects":true,"showParticleSystems":true,"showVisualEffectGraphs":true,"m_FxEnabled":true},"in2DMode":false,"pivot":{"x":-0.36481913924217226,"y":-0.4086967408657074,"z":4.486788749694824},"rotation":{"x":0.012538759037852288,"y":-0.9845226407051086,"z":0.15605111420154572,"w":0.07900889962911606},"size":1.1362699270248414,"orthographic":false}